TARGET_CLASS,criterion,Coverage,Total_Goals,Covered_Goals
org.jfree.data.time.TimeSeries,BRANCH,0.8546255506607929,227,196
org.jfree.data.time.TimeSeries,BRANCH,0.8237885462555066,227,187
org.jfree.data.time.TimeSeries,BRANCH,0.9383259911894273,227,213
org.jfree.data.time.TimeSeries,BRANCH,0.933920704845815,227,213
org.jfree.data.time.TimeSeries,BRANCH,0.9162995594713657,227,208
org.jfree.chart.renderer.category.AbstractCategoryItemRenderer,BRANCH,0.5,274,137
org.jfree.data.general.DatasetUtilities,BRANCH,0.799645390070922,564,452
org.jfree.data.time.TimeSeries,BRANCH,0.8898678414096917,227,202
org.jfree.chart.plot.XYPlot,BRANCH,0.561631139944393,1079,608
org.jfree.data.xy.XYSeries,BRANCH,1.0,103,103
org.jfree.chart.util.ShapeList,BRANCH,0.6190476190476191,21,13
org.jfree.data.time.TimePeriodValues,BRANCH,1.0,74,74
org.jfree.data.time.Week,BRANCH,0.8674698795180723,83,72
org.jfree.data.time.TimeSeries,BRANCH,0.950920245398773,163,155
org.jfree.chart.imagemap.StandardToolTipTagFragmentGenerator,BRANCH,1.0,2,2
org.jfree.chart.util.ShapeUtilities,BRANCH,0.991869918699187,123,122
org.jfree.chart.plot.MultiplePiePlot,BRANCH,0.9375,96,90
org.jfree.chart.block.BorderArrangement,BRANCH,0.7459016393442623,122,93
org.jfree.chart.plot.CategoryPlot,BRANCH,0.5550906555090656,717,398
org.jfree.chart.plot.XYPlot,BRANCH,0.5822368421052632,912,531
org.jfree.chart.plot.PiePlot,BRANCH,0.5969387755102041,392,234
org.jfree.data.category.DefaultIntervalCategoryDataset,BRANCH,0.9197080291970803,137,126
org.jfree.data.time.TimeSeries,BRANCH,0.968944099378882,161,156
org.jfree.data.DefaultKeyedValues,BRANCH,0.9838709677419355,62,61
org.jfree.data.DefaultKeyedValues2D,BRANCH,0.968421052631579,95,92
org.jfree.chart.plot.CategoryPlot,BRANCH,0.5878877400295421,677,398
org.jfree.chart.plot.ValueMarker,BRANCH,0.9230769230769231,13,12
org.jfree.data.statistics.DefaultBoxAndWhiskerCategoryDataset,BRANCH,0.7676767676767676,99,76
org.jfree.data.KeyedObjects2D,BRANCH,0.9425287356321839,87,82
org.jfree.chart.renderer.category.MinMaxCategoryRenderer,BRANCH,0.4520547945205479,73,33
org.jfree.chart.renderer.GrayPaintScale,BRANCH,1.0,15,15
org.jfree.chart.renderer.category.StatisticalBarRenderer,BRANCH,0.24742268041237114,97,24
org.jfree.chart.axis.Axis,BRANCH,0.8372093023255814,172,142
org.apache.commons.cli.CommandLine,BRANCH,1.0,32,32
org.apache.commons.cli.PosixParser,BRANCH,0.9333333333333333,45,42
org.apache.commons.cli.TypeHandler,BRANCH,0.967741935483871,31,27
org.apache.commons.cli.Parser,BRANCH,0.6756756756756757,74,50
org.apache.commons.cli.Util,BRANCH,1.0,11,11
org.apache.commons.cli2.builder.PatternBuilder,BRANCH,0.8503401360544217,147,125
org.apache.commons.cli.HelpFormatter,BRANCH,0.9185185185185185,135,124
org.apache.commons.cli.Parser,BRANCH,0.7662337662337663,77,59
org.apache.commons.cli.Parser,BRANCH,0.7922077922077922,77,61
org.apache.commons.cli.HelpFormatter,BRANCH,0.9130434782608695,138,126
org.apache.commons.cli.GnuParser,BRANCH,0.9047619047619048,21,19
org.apache.commons.cli2.WriteableCommandLine,BRANCH,1.0,0,0
org.apache.commons.cli2.commandline.WriteableCommandLineImpl,BRANCH,0.9642857142857143,56,54
org.apache.commons.cli2.option.ArgumentImpl,BRANCH,0.9702970297029703,101,98
org.apache.commons.cli2.option.GroupImpl,BRANCH,0.9044585987261147,157,142
org.apache.commons.cli2.commandline.WriteableCommandLineImpl,BRANCH,0.9722222222222222,72,70
org.apache.commons.cli2.Option,BRANCH,1.0,0,0
org.apache.commons.cli2.commandline.WriteableCommandLineImpl,BRANCH,0.8846153846153846,78,69
org.apache.commons.cli2.option.GroupImpl,BRANCH,0.6815286624203821,157,107
org.apache.commons.cli2.option.OptionImpl,BRANCH,0.851063829787234,47,40
org.apache.commons.cli.PosixParser,BRANCH,0.9111111111111111,45,41
org.apache.commons.cli.PosixParser,BRANCH,0.9090909090909091,44,40
org.apache.commons.cli.PosixParser,BRANCH,0.9318181818181818,44,41
org.apache.commons.cli.PosixParser,BRANCH,0.9,50,45
org.apache.commons.cli2.WriteableCommandLine,BRANCH,1.0,0,0
org.apache.commons.cli2.commandline.WriteableCommandLineImpl,BRANCH,0.8522727272727273,88,75
org.apache.commons.cli2.option.GroupImpl,BRANCH,0.7530864197530864,162,122
org.apache.commons.cli.PosixParser,BRANCH,0.9130434782608695,46,42
org.apache.commons.cli.HelpFormatter,BRANCH,0.9084507042253521,142,129
org.apache.commons.cli.HelpFormatter,BRANCH,0.9027777777777778,144,130
org.apache.commons.cli.HelpFormatter,BRANCH,0.8958333333333334,144,129
org.apache.commons.cli.OptionBuilder,BRANCH,1.0,21,21
org.apache.commons.cli.OptionGroup,BRANCH,1.0,19,19
org.apache.commons.cli.Parser,BRANCH,0.8051948051948052,77,62
org.apache.commons.cli.Util,BRANCH,1.0,15,15
org.apache.commons.cli.DefaultParser,BRANCH,0.4913294797687861,173,85
org.apache.commons.cli.Parser,BRANCH,0.6705882352941176,85,57
org.apache.commons.cli.HelpFormatter,BRANCH,0.8860759493670886,158,142
org.apache.commons.cli.Option,BRANCH,0.9910714285714286,112,111
org.apache.commons.cli.OptionBuilder,BRANCH,1.0,21,21
org.apache.commons.cli.HelpFormatter,BRANCH,0.9328859060402684,149,139
org.apache.commons.cli.HelpFormatter,BRANCH,0.7908496732026143,153,121
org.apache.commons.cli.Option,BRANCH,0.9824561403508771,114,112
org.apache.commons.cli.OptionBuilder,BRANCH,0.9545454545454546,22,21
org.apache.commons.cli.Options,BRANCH,1.0,46,46
org.apache.commons.cli.OptionGroup,BRANCH,1.0,21,21
org.apache.commons.cli.Options,BRANCH,1.0,46,46
org.apache.commons.cli.DefaultParser,BRANCH,0.6878612716763006,173,119
org.apache.commons.cli.DefaultParser,BRANCH,0.44692737430167595,179,80
org.apache.commons.cli.TypeHandler,BRANCH,0.9310344827586207,29,27
org.apache.commons.cli.TypeHandler,BRANCH,0.7586206896551724,29,22
org.apache.commons.csv.ExtendedBufferedReader,BRANCH,0.6,30,18
org.apache.commons.csv.CSVRecord,BRANCH,1.0,25,25
org.apache.commons.csv.Lexer,BRANCH,0.9428571428571428,70,65
org.apache.commons.csv.CSVParser,BRANCH,0.8285714285714286,70,58
org.apache.commons.csv.CSVPrinter,BRANCH,0.8359375,128,106
org.apache.commons.csv.CSVRecord,BRANCH,0.96875,32,31
org.apache.commons.csv.CSVParser,BRANCH,0.8243243243243243,74,61
org.apache.commons.csv.CSVFormat,BRANCH,0.9695121951219512,164,157
org.apache.commons.csv.CSVRecord,BRANCH,0.9722222222222222,36,35
org.apache.commons.csv.CSVPrinter,BRANCH,0.8914728682170543,129,115
org.apache.commons.csv.CSVParser,BRANCH,0.7142857142857143,84,60
org.apache.commons.csv.CSVFormat,BRANCH,0.9700598802395209,167,162
org.apache.commons.csv.CSVFormat,BRANCH,0.9547738693467337,199,190
org.apache.commons.csv.CSVPrinter,BRANCH,0.7985611510791367,139,111
org.apache.commons.csv.CSVFormat,BRANCH,0.918429003021148,331,303
org.apache.commons.csv.CSVFormat,BRANCH,0.9351851851851852,324,308
org.apache.commons.csv.CSVParser,BRANCH,0.8085106382978723,94,76
com.google.gson.TypeInfoFactory,BRANCH,0.043478260869565216,46,2
com.google.gson.internal.bind.TypeAdapters,BRANCH,0.4253731343283582,268,114
com.google.gson.internal.ConstructorConstructor,BRANCH,0.0,66,0
com.google.gson.stream.JsonReader,BRANCH,0.6139817629179332,658,387
com.google.gson.stream.JsonWriter,BRANCH,0.8918918918918919,111,99
com.google.gson.internal.bind.util.ISO8601Utils,BRANCH,0.6288659793814433,97,61
com.google.gson.internal.bind.JsonAdapterAnnotationTypeAdapterFactory,BRANCH,0.6666666666666666,9,6
com.google.gson.stream.JsonReader,BRANCH,0.6246246246246246,666,417
com.google.gson.internal.UnsafeAllocator,BRANCH,0.5,14,7
com.google.gson.internal.bind.JsonTreeWriter,BRANCH,0.9054054054054054,74,67
com.google.gson.internal.bind.TypeAdapters,BRANCH,0.2826855123674912,283,80
com.google.gson.stream.JsonWriter,BRANCH,0.8869565217391304,115,101
com.google.gson.internal.bind.ReflectiveTypeAdapterFactory,BRANCH,0.5692307692307692,65,37
com.google.gson.internal.bind.TypeAdapters,BRANCH,0.40418118466898956,287,116
com.google.gson.internal.bind.JsonTreeReader,BRANCH,0.8543689320388349,103,88
com.google.gson.stream.JsonReader,BRANCH,0.7282127031019202,677,469
com.google.gson.internal.$Gson$Types,BRANCH,0.6262135922330098,206,129
com.google.gson.stream.JsonWriter,BRANCH,0.8974358974358975,117,104
com.google.gson.internal.$Gson$Types,BRANCH,0.6350710900473934,211,134
com.google.gson.DefaultDateTypeAdapter,BRANCH,0.6086956521739131,23,14
com.google.gson.internal.$Gson$Types,BRANCH,0.660377358490566,212,140
org.apache.commons.lang3.math.NumberUtils,BRANCH,0.9110512129380054,371,337
org.apache.commons.lang3.math.NumberUtils,BRANCH,0.8635097493036211,359,310
org.apache.commons.lang3.text.translate.LookupTranslator,BRANCH,1.0,14,14
org.apache.commons.lang3.LocaleUtils,BRANCH,1.0,79,63
org.apache.commons.lang3.text.translate.CharSequenceTranslator,BRANCH,1.0,15,15
org.apache.commons.lang3.math.NumberUtils,BRANCH,0.9224806201550387,387,357
org.apache.commons.lang3.time.FastDatePrinter,BRANCH,0.8107344632768362,354,286
org.apache.commons.lang3.time.FastDateParser,BRANCH,0.7960339943342776,353,279
org.apache.commons.lang3.time.FastDateParser,BRANCH,0.7891737891737892,351,275
org.apache.commons.lang3.RandomStringUtils,BRANCH,0.8923076923076924,65,58
org.apache.commons.lang3.RandomStringUtils,BRANCH,0.9206349206349206,63,58
org.apache.commons.lang3.SerializationUtils,BRANCH,0.68,25,17
org.apache.commons.lang3.StringUtils,BRANCH,0.9307432432432432,1184,1102
org.apache.commons.lang3.reflect.TypeUtils,BRANCH,0.36054421768707484,294,106
org.apache.commons.lang3.math.NumberUtils,BRANCH,0.9295039164490861,383,356
org.apache.commons.lang3.text.translate.CharSequenceTranslator,BRANCH,1.0,15,15
org.apache.commons.lang3.time.FastDateFormat,BRANCH,0.839572192513369,374,295
org.apache.commons.lang3.text.translate.NumericEntityUnescaper,BRANCH,0.8974358974358975,39,35
org.apache.commons.lang3.StringUtils,BRANCH,0.937447168216399,1183,1109
org.apache.commons.lang.Entities,BRANCH,0.8387096774193549,93,77
org.apache.commons.lang.text.ExtendedMessageFormat,BRANCH,0.5121951219512195,123,63
org.apache.commons.lang.NumberUtils,BRANCH,0.8870292887029289,239,212
org.apache.commons.lang.WordUtils,BRANCH,0.990909090909091,110,109
org.apache.commons.lang.StringEscapeUtils,BRANCH,0.9357142857142857,140,121
org.apache.commons.lang.text.StrBuilder,BRANCH,0.99822695035461,564,563
org.apache.commons.lang.builder.EqualsBuilder,BRANCH,0.9396551724137931,232,218
org.apache.commons.lang.math.Fraction,BRANCH,0.9545454545454546,198,188
org.apache.commons.lang.time.FastDateFormat,BRANCH,0.8288288288288288,444,362
org.apache.commons.lang.BooleanUtils,BRANCH,0.8968609865470852,223,201
org.apache.commons.lang.StringEscapeUtils,BRANCH,0.9137931034482759,116,94
org.apache.commons.lang.time.DateUtils,BRANCH,0.9805825242718447,206,202
org.apache.commons.lang.LocaleUtils,BRANCH,1.0,73,73
org.apache.commons.lang.time.StopWatch,BRANCH,0.96875,32,31
org.apache.commons.lang.time.FastDateFormat,BRANCH,0.8392857142857143,448,376
org.apache.commons.lang.LocaleUtils,BRANCH,1.0,71,71
org.apache.commons.lang.math.NumberUtils,BRANCH,0.9002267573696145,441,397
org.apache.commons.lang.text.StrBuilder,BRANCH,0.9961315280464217,517,515
org.apache.commons.lang.text.StrBuilder,BRANCH,0.9961315280464217,517,513
org.apache.commons.lang.text.StrBuilder,BRANCH,0.9922630560928434,517,513
org.apache.commons.lang.Entities,BRANCH,0.811965811965812,117,95
org.apache.commons.lang.time.DurationFormatUtils,BRANCH,0.9225806451612903,155,143
org.apache.commons.lang.enums.ValuedEnum,BRANCH,0.11764705882352941,17,2
org.apache.commons.lang.time.DateUtils,BRANCH,0.9854368932038835,206,203
org.apache.commons.lang3.math.NumberUtils,BRANCH,0.9110512129380054,371,337
org.apache.commons.lang3.math.NumberUtils,BRANCH,0.8551532033426184,359,307
org.apache.commons.lang3.text.translate.LookupTranslator,BRANCH,1.0,14,14
org.apache.commons.lang3.LocaleUtils,BRANCH,1.0,79,63
org.apache.commons.lang3.text.translate.CharSequenceTranslator,BRANCH,1.0,15,15
org.apache.commons.lang3.math.NumberUtils,BRANCH,0.9328165374677002,387,361
org.apache.commons.lang3.time.FastDatePrinter,BRANCH,0.7655367231638418,354,271
org.apache.commons.lang3.time.FastDateParser,BRANCH,0.7932011331444759,353,278
org.apache.commons.lang3.time.FastDateParser,BRANCH,0.7863247863247863,351,274
org.apache.commons.lang3.RandomStringUtils,BRANCH,0.9692307692307692,65,63
org.apache.commons.lang3.RandomStringUtils,BRANCH,0.9682539682539683,63,61
org.apache.commons.lang3.SerializationUtils,BRANCH,0.68,25,17
org.apache.commons.lang3.StringUtils,BRANCH,0.9307432432432432,1184,1102
org.apache.commons.lang3.reflect.TypeUtils,BRANCH,0.36054421768707484,294,106
org.apache.commons.lang3.math.NumberUtils,BRANCH,0.9138381201044387,383,350
org.apache.commons.lang3.text.translate.CharSequenceTranslator,BRANCH,1.0,15,15
org.apache.commons.lang3.time.FastDateFormat,BRANCH,0.8368983957219251,374,291
org.apache.commons.lang3.text.translate.NumericEntityUnescaper,BRANCH,0.8974358974358975,39,35
org.apache.commons.lang3.StringUtils,BRANCH,0.9340659340659341,1183,1105
org.apache.commons.lang.Entities,BRANCH,0.8387096774193549,93,78
org.apache.commons.lang.text.ExtendedMessageFormat,BRANCH,0.43902439024390244,123,54
org.apache.commons.lang.NumberUtils,BRANCH,0.8535564853556485,239,204
org.apache.commons.lang.WordUtils,BRANCH,0.990909090909091,110,109
org.apache.commons.lang.StringEscapeUtils,BRANCH,0.9357142857142857,140,121
org.apache.commons.lang.text.StrBuilder,BRANCH,0.99822695035461,564,563
org.apache.commons.lang.builder.EqualsBuilder,BRANCH,0.9396551724137931,232,218
org.apache.commons.lang.math.Fraction,BRANCH,0.9595959595959596,198,189
org.apache.commons.lang.time.FastDateFormat,BRANCH,0.8265765765765766,444,364
org.apache.commons.lang.BooleanUtils,BRANCH,0.8834080717488789,223,200
org.apache.commons.lang.StringEscapeUtils,BRANCH,0.9137931034482759,116,94
org.apache.commons.lang.time.DateUtils,BRANCH,0.9805825242718447,206,202
org.apache.commons.lang.LocaleUtils,BRANCH,1.0,73,73
org.apache.commons.lang.time.StopWatch,BRANCH,0.96875,32,31
org.apache.commons.lang.time.FastDateFormat,BRANCH,0.8392857142857143,448,376
org.apache.commons.lang.LocaleUtils,BRANCH,1.0,71,71
org.apache.commons.lang.math.NumberUtils,BRANCH,0.8820861678004536,441,389
org.apache.commons.lang.text.StrBuilder,BRANCH,0.9961315280464217,517,515
org.apache.commons.lang.text.StrBuilder,BRANCH,0.9922630560928434,517,513
org.apache.commons.lang.text.StrBuilder,BRANCH,1.0,517,517
org.apache.commons.lang.Entities,BRANCH,0.811965811965812,117,95
org.apache.commons.lang.time.DurationFormatUtils,BRANCH,0.9225806451612903,155,143
org.apache.commons.lang.enums.ValuedEnum,BRANCH,0.11764705882352941,17,2
org.apache.commons.lang.time.DateUtils,BRANCH,0.9805825242718447,206,202
org.apache.commons.collections4.IteratorUtils,BRANCH,0.0,170,0
org.apache.commons.collections4.IteratorUtils,BRANCH,0.0,170,0
org.apache.commons.math3.fraction.BigFraction,BRANCH,0.9781021897810219,137,134
org.apache.commons.math3.fraction.Fraction,BRANCH,0.9830508474576272,118,114
org.apache.commons.math3.distribution.HypergeometricDistribution,BRANCH,1.0,38,38
org.apache.commons.math3.util.MathArrays,BRANCH,0.9922178988326849,257,255
org.apache.commons.math3.geometry.euclidean.threed.SubLine,BRANCH,1.0,18,18
org.apache.commons.math3.geometry.euclidean.twod.SubLine,BRANCH,1.0,39,39
org.apache.commons.math3.complex.Complex,BRANCH,0.994535519125683,183,180
org.apache.commons.math3.optim.BaseOptimizer,BRANCH,0.8823529411764706,17,15
org.apache.commons.math3.optim.nonlinear.scalar.gradient.NonLinearConjugateGradientOptimizer,BRANCH,0.2631578947368421,57,15
org.apache.commons.math3.optim.nonlinear.scalar.noderiv.CMAESOptimizer,BRANCH,0.1015625,256,27
org.apache.commons.math3.optim.nonlinear.scalar.noderiv.PowellOptimizer,BRANCH,0.29545454545454547,44,13
org.apache.commons.math3.optim.nonlinear.scalar.noderiv.SimplexOptimizer,BRANCH,0.5333333333333333,30,16
org.apache.commons.math3.optim.nonlinear.vector.jacobian.GaussNewtonOptimizer,BRANCH,0.21428571428571427,28,6
org.apache.commons.math3.optim.nonlinear.vector.jacobian.LevenbergMarquardtOptimizer,BRANCH,0.03317535545023697,211,7
org.apache.commons.math3.ode.AbstractIntegrator,BRANCH,0.8589743589743589,78,67
org.apache.commons.math3.distribution.DiscreteDistribution,BRANCH,0.9615384615384616,26,25
org.apache.commons.math3.geometry.euclidean.threed.Line,BRANCH,1.0,27,27
org.apache.commons.math3.analysis.differentiation.DSCompiler,BRANCH,0.9355932203389831,295,259
org.apache.commons.math3.distribution.MultivariateNormalDistribution,BRANCH,1.0,31,31
org.apache.commons.math3.random.BitsStreamGenerator,BRANCH,1.0,20,20
org.apache.commons.math3.optimization.general.AbstractLeastSquaresOptimizer,BRANCH,0.0,39,0
org.apache.commons.math3.optim.nonlinear.vector.jacobian.AbstractLeastSquaresOptimizer,BRANCH,0.7391304347826086,23,17
org.apache.commons.math3.optim.nonlinear.vector.Weight,BRANCH,1.0,4,4
org.apache.commons.math3.util.FastMath,BRANCH,0.936144578313253,830,777
org.apache.commons.math3.util.FastMath,BRANCH,0.9337349397590361,830,775
org.apache.commons.math3.dfp.Dfp,BRANCH,0.2059186189889026,811,167
org.apache.commons.math3.optimization.direct.CMAESOptimizer,BRANCH,0.7172413793103448,290,208
org.apache.commons.math3.optimization.direct.CMAESOptimizer,BRANCH,0.8,290,232
org.apache.commons.math3.optimization.direct.CMAESOptimizer,BRANCH,0.7307692307692307,286,209
org.apache.commons.math3.linear.RectangularCholeskyDecomposition,BRANCH,1.0,30,30
org.apache.commons.math3.distribution.FDistribution,BRANCH,1.0,23,23
org.apache.commons.math3.distribution.UniformRealDistribution,BRANCH,1.0,22,22
org.apache.commons.math3.optimization.univariate.BrentOptimizer,BRANCH,0.9466666666666667,75,71
org.apache.commons.math3.optimization.univariate.BrentOptimizer,BRANCH,0.9866666666666667,75,74
org.apache.commons.math3.optimization.fitting.HarmonicFitter,BRANCH,0.9705882352941176,34,33
org.apache.commons.math3.fraction.Fraction,BRANCH,0.9824561403508771,114,111
org.apache.commons.math3.fraction.Fraction,BRANCH,0.9824561403508771,114,111
org.apache.commons.math3.optimization.linear.SimplexSolver,BRANCH,0.9814814814814815,54,53
org.apache.commons.math3.linear.OpenMapRealVector,BRANCH,1.0,171,171
org.apache.commons.math3.stat.inference.MannWhitneyUTest,BRANCH,1.0,15,15
org.apache.commons.math3.util.ContinuedFraction,BRANCH,0.0,20,0
org.apache.commons.math3.geometry.euclidean.twod.PolygonsSet,BRANCH,0.8947368421052632,95,85
org.apache.commons.math3.optimization.linear.SimplexTableau,BRANCH,0.9863013698630136,146,144
org.apache.commons.math3.genetics.ListPopulation,BRANCH,0.896551724137931,29,26
org.apache.commons.math3.genetics.ElitisticListPopulation,BRANCH,1.0,9,9
org.apache.commons.math.fraction.BigFraction,BRANCH,0.9847328244274809,131,129
org.apache.commons.math.complex.Complex,BRANCH,0.994535519125683,183,181
org.apache.commons.math.optimization.direct.BOBYQAOptimizer,BRANCH,0.09216589861751152,651,60
org.apache.commons.math.ode.nonstiff.EmbeddedRungeKuttaIntegrator,BRANCH,0.9032258064516129,62,56
org.apache.commons.math.analysis.solvers.BracketingNthOrderBrentSolver,BRANCH,0.9868421052631579,76,75
org.apache.commons.math.stat.descriptive.moment.Variance,BRANCH,0.8983050847457628,59,53
org.apache.commons.math.optimization.linear.SimplexTableau,BRANCH,0.9657534246575342,146,141
org.apache.commons.compress.archivers.cpio.CpioArchiveOutputStream,BRANCH,0.8350515463917526,97,81
org.apache.commons.math.stat.descriptive.SummaryStatistics,BRANCH,1.0,91,91
org.apache.commons.jxpath.ri.model.dom.DOMNodePointer,BRANCH,0.6925566343042071,309,214
org.apache.commons.compress.archivers.cpio.CpioArchiveOutputStream,BRANCH,0.8762886597938144,97,85
org.apache.commons.math.ode.AbstractIntegrator,BRANCH,0.8208955223880597,67,55
org.apache.commons.jxpath.ri.model.jdom.JDOMNodePointer,BRANCH,0.3633440514469453,311,112
org.apache.commons.compress.archivers.ar.ArArchiveInputStream,BRANCH,0.3728813559322034,59,22
org.apache.commons.jxpath.ri.compiler.Expression,BRANCH,0.8695652173913043,23,20
org.apache.commons.math.linear.OpenMapRealMatrix,BRANCH,0.875,32,28
org.apache.commons.compress.archivers.tar.TarArchiveOutputStream,BRANCH,0.7297297297297297,37,27
org.apache.commons.jxpath.ri.model.beans.NullPropertyPointer,BRANCH,0.9056603773584906,53,48
org.apache.commons.compress.archivers.cpio.CpioArchiveOutputStream,BRANCH,0.8681318681318682,91,79
org.apache.commons.compress.archivers.tar.TarArchiveOutputStream,BRANCH,0.5675675675675675,37,21
org.apache.commons.math.complex.Complex,BRANCH,0.9936305732484076,157,151
org.apache.commons.compress.archivers.zip.ZipArchiveOutputStream,BRANCH,0.6412213740458015,131,84
org.apache.commons.jxpath.ri.model.dom.DOMNodePointer,BRANCH,0.7081967213114754,305,216
org.apache.commons.compress.changes.ChangeSetPerformer,BRANCH,0.2692307692307692,52,14
org.apache.commons.jxpath.ri.model.jdom.JDOMNodePointer,BRANCH,0.5286624203821656,314,166
org.apache.commons.math.complex.Complex,BRANCH,0.9937888198757764,161,156
org.apache.commons.compress.archivers.zip.ZipArchiveInputStream,BRANCH,0.29292929292929293,99,29
org.apache.commons.jxpath.ri.model.NodePointer,BRANCH,0.740506329113924,158,117
org.apache.commons.math.analysis.solvers.BaseSecantSolver,BRANCH,0.9571428571428572,70,67
org.apache.commons.compress.archivers.zip.ZipArchiveEntry,BRANCH,0.9615384615384616,78,75
org.apache.commons.jxpath.ri.compiler.CoreOperationCompare,BRANCH,0.9104477611940298,67,61
org.apache.commons.compress.archivers.tar.TarUtils,BRANCH,1.0,41,41
org.apache.commons.jxpath.ri.compiler.CoreOperationGreaterThan,BRANCH,1.0,4,4
org.apache.commons.jxpath.ri.compiler.CoreOperationGreaterThanOrEqual,BRANCH,1.0,4,4
org.apache.commons.jxpath.ri.compiler.CoreOperationLessThan,BRANCH,1.0,4,4
org.apache.commons.math.linear.OpenMapRealVector,BRANCH,1.0,182,182
org.apache.commons.jxpath.ri.compiler.CoreOperationLessThanOrEqual,BRANCH,1.0,4,4
org.apache.commons.compress.archivers.tar.TarUtils,BRANCH,1.0,52,51
org.apache.commons.jxpath.ri.compiler.CoreOperationRelationalExpression,BRANCH,0.45714285714285713,35,16
org.apache.commons.math.analysis.solvers.BaseSecantSolver,BRANCH,0.9558823529411765,68,65
org.apache.commons.jxpath.ri.compiler.CoreOperationRelationalExpression,BRANCH,0.6410256410256411,39,25
org.apache.commons.compress.archivers.tar.TarArchiveOutputStream,BRANCH,0.84,50,42
org.apache.commons.jxpath.ri.compiler.CoreOperationCompare,BRANCH,0.9411764705882353,68,64
org.apache.commons.jxpath.ri.compiler.CoreOperationEqual,BRANCH,1.0,2,2
org.apache.commons.jxpath.ri.compiler.CoreOperationNotEqual,BRANCH,1.0,2,2
org.apache.commons.compress.archivers.zip.ZipFile,BRANCH,0.13333333333333333,135,18
org.apache.commons.math.analysis.solvers.BaseSecantSolver,BRANCH,0.9571428571428572,70,67
org.apache.commons.jxpath.ri.compiler.CoreOperationRelationalExpression,BRANCH,0.8974358974358975,39,35
org.apache.commons.jxpath.ri.model.dom.DOMAttributeIterator,BRANCH,0.864406779661017,59,51
org.apache.commons.compress.archivers.ArchiveStreamFactory,BRANCH,0.8571428571428571,49,42
org.apache.commons.math.geometry.euclidean.threed.Rotation,BRANCH,0.9925373134328358,134,132
org.apache.commons.jxpath.ri.model.jdom.JDOMAttributeIterator,BRANCH,0.8378378378378378,37,31
org.apache.commons.compress.archivers.tar.TarArchiveInputStream,BRANCH,0.2903225806451613,124,36
org.apache.commons.math.complex.Complex,BRANCH,0.9922480620155039,129,125
org.apache.commons.jxpath.ri.model.dom.DOMNodePointer,BRANCH,0.7813504823151125,311,243
org.apache.commons.compress.archivers.zip.ZipArchiveEntry,BRANCH,0.9701492537313433,134,130
org.apache.commons.jxpath.ri.NamespaceResolver,BRANCH,0.8372093023255814,43,36
org.apache.commons.math.dfp.Dfp,BRANCH,0.21773142112125163,767,167
org.apache.commons.compress.archivers.tar.TarUtils,BRANCH,1.0,66,66
org.apache.commons.jxpath.ri.model.dom.DOMNodePointer,BRANCH,0.6793650793650794,315,214
org.apache.commons.math.geometry.Vector3D,BRANCH,1.0,77,77
org.apache.commons.math.util.MultidimensionalCounter,BRANCH,1.0,41,41
org.apache.commons.compress.archivers.zip.ZipArchiveEntry,BRANCH,0.9701492537313433,134,130
org.apache.commons.jxpath.ri.compiler.CoreFunction,BRANCH,0.7802197802197802,364,284
org.apache.commons.jxpath.ri.axes.UnionContext,BRANCH,1.0,17,17
org.apache.commons.compress.archivers.ArchiveStreamFactory,BRANCH,0.803921568627451,51,41
org.apache.commons.math.stat.clustering.KMeansPlusPlusClusterer,BRANCH,0.921875,64,59
org.apache.commons.jxpath.ri.model.dom.DOMNodePointer,BRANCH,0.7058823529411765,323,229
org.apache.commons.jxpath.ri.model.jdom.JDOMNodePointer,BRANCH,0.534375,320,166
org.apache.commons.compress.archivers.tar.TarUtils,BRANCH,0.8968253968253969,126,113
org.apache.commons.math.optimization.fitting.GaussianFitter,BRANCH,0.9402985074626866,67,63
org.apache.commons.jxpath.ri.model.dom.DOMAttributeIterator,BRANCH,0.8909090909090909,55,49
org.apache.commons.jxpath.ri.model.jdom.JDOMAttributeIterator,BRANCH,0.15151515151515152,33,5
org.apache.commons.compress.archivers.tar.TarArchiveOutputStream,BRANCH,0.7722772277227723,101,78
org.apache.commons.math.util.FastMath,BRANCH,0.8797653958944281,682,600
org.apache.commons.compress.archivers.zip.Zip64ExtendedInformationExtraField,BRANCH,1.0,72,72
org.apache.commons.math.distribution.NormalDistributionImpl,BRANCH,1.0,25,25
org.apache.commons.jxpath.ri.axes.AttributeContext,BRANCH,1.0,23,23
org.apache.commons.math.distribution.PoissonDistributionImpl,BRANCH,1.0,20,20
org.apache.commons.math.optimization.univariate.MultiStartUnivariateRealOptimizer,BRANCH,1.0,25,25
org.apache.commons.jxpath.ri.model.dom.DOMNodePointer,BRANCH,0.6977491961414791,311,217
org.apache.commons.jxpath.ri.model.jdom.JDOMNodePointer,BRANCH,0.546875,320,175
org.apache.commons.compress.archivers.cpio.CpioArchiveInputStream,BRANCH,0.35833333333333334,120,43
org.apache.commons.jxpath.ri.compiler.CoreOperationRelationalExpression,BRANCH,0.9534883720930233,43,41
org.apache.commons.math.util.MathUtils,BRANCH,0.9478260869565217,460,436
org.apache.commons.compress.archivers.sevenz.SevenZOutputFile,BRANCH,0.6405228758169934,153,97
org.apache.commons.jxpath.ri.model.beans.PropertyPointer,BRANCH,0.6666666666666666,60,40
org.apache.commons.math.optimization.general.LevenbergMarquardtOptimizer,BRANCH,0.0380952380952381,210,8
org.apache.commons.compress.compressors.bzip2.BZip2CompressorInputStream,BRANCH,0.043010752688172046,279,12
org.apache.commons.jxpath.ri.model.dom.DOMNodePointer,BRANCH,0.744408945686901,313,233
org.apache.commons.math.optimization.general.AbstractLeastSquaresOptimizer,BRANCH,0.9487179487179487,39,37
org.apache.commons.math.optimization.univariate.BrentOptimizer,BRANCH,1.0,57,57
org.apache.commons.compress.archivers.sevenz.Coders,BRANCH,0.6111111111111112,54,33
org.apache.commons.math.optimization.MultiStartUnivariateRealOptimizer,BRANCH,0.9803921568627451,51,50
org.apache.commons.compress.archivers.tar.TarUtils,BRANCH,0.8629032258064516,124,100
org.apache.commons.math.optimization.general.LevenbergMarquardtOptimizer,BRANCH,0.024390243902439025,205,5
org.apache.commons.math.stat.correlation.PearsonsCorrelation,BRANCH,1.0,36,36
org.apache.commons.compress.archivers.zip.ZipArchiveInputStream,BRANCH,0.13026819923371646,261,34
org.apache.commons.math.analysis.solvers.BisectionSolver,BRANCH,1.0,11,11
org.apache.commons.compress.utils.IOUtils,BRANCH,0.9259259259259259,27,25
org.apache.commons.math.ode.nonstiff.EmbeddedRungeKuttaIntegrator,BRANCH,0.9242424242424242,66,61
org.apache.commons.math.ode.nonstiff.RungeKuttaIntegrator,BRANCH,0.7560975609756098,41,31
org.apache.commons.compress.archivers.tar.TarUtils,BRANCH,0.8278688524590164,122,100
org.apache.commons.math.analysis.solvers.BrentSolver,BRANCH,1.0,58,58
org.apache.commons.math.analysis.solvers.BrentSolver,BRANCH,1.0,58,58
org.apache.commons.compress.archivers.tar.TarArchiveInputStream,BRANCH,0.2986111111111111,144,43
org.apache.commons.compress.archivers.ArchiveStreamFactory,BRANCH,0.45161290322580644,93,42
org.apache.commons.math.ode.nonstiff.EmbeddedRungeKuttaIntegrator,BRANCH,0.9545454545454546,66,63
org.apache.commons.compress.archivers.cpio.CpioArchiveInputStream,BRANCH,0.3305084745762712,118,39
org.apache.commons.compress.archivers.cpio.CpioArchiveOutputStream,BRANCH,0.7083333333333334,120,85
org.apache.commons.compress.archivers.dump.DumpArchiveInputStream,BRANCH,0.0390625,128,5
org.apache.commons.compress.archivers.tar.TarArchiveInputStream,BRANCH,0.2585034013605442,147,38
org.apache.commons.math.stat.Frequency,BRANCH,0.9452054794520548,73,69
org.apache.commons.compress.archivers.tar.TarArchiveOutputStream,BRANCH,0.6953125,128,89
org.apache.commons.compress.archivers.zip.ZipArchiveInputStream,BRANCH,0.12643678160919541,261,33
org.apache.commons.math.linear.SingularValueDecompositionImpl,BRANCH,0.927536231884058,69,64
org.apache.commons.compress.compressors.bzip2.BZip2CompressorInputStream,BRANCH,0.042704626334519574,281,12
org.apache.commons.math.linear.ArrayRealVector,BRANCH,0.9863636363636363,220,217
org.apache.commons.math.linear.OpenMapRealVector,BRANCH,1.0,184,184
org.apache.commons.compress.archivers.tar.TarUtils,BRANCH,0.8770491803278688,122,107
org.apache.commons.math.ode.events.EventState,BRANCH,0.7941176470588235,68,54
org.apache.commons.compress.archivers.tar.TarArchiveInputStream,BRANCH,0.38095238095238093,147,56
org.apache.commons.compress.compressors.CompressorStreamFactory,BRANCH,0.6923076923076923,65,45
org.apache.commons.compress.compressors.deflate.DeflateCompressorInputStream,BRANCH,0.47619047619047616,21,10
org.apache.commons.compress.archivers.zip.X7875_NewUnix,BRANCH,1.0,30,30
org.apache.commons.math.util.MathUtils,BRANCH,0.9807692307692307,364,357
org.apache.commons.compress.archivers.tar.TarUtils,BRANCH,0.8303571428571429,112,93
org.apache.commons.math.linear.EigenDecompositionImpl,BRANCH,0.8107476635514018,428,347
org.apache.commons.compress.archivers.sevenz.SevenZFile,BRANCH,0.023952095808383235,334,8
org.apache.commons.compress.archivers.tar.TarArchiveInputStream,BRANCH,0.34269662921348315,178,61
org.apache.commons.math.linear.EigenDecompositionImpl,BRANCH,0.8154205607476636,428,349
org.apache.commons.compress.archivers.tar.TarArchiveEntry,BRANCH,0.6666666666666666,201,134
org.apache.commons.math.optimization.linear.SimplexSolver,BRANCH,0.9736842105263158,38,37
org.apache.commons.math.optimization.linear.SimplexTableau,BRANCH,0.9739130434782609,115,112
org.apache.commons.math.optimization.direct.MultiDirectional,BRANCH,1.0,16,16
org.apache.commons.math.analysis.solvers.UnivariateRealSolverUtils,BRANCH,1.0,26,26
org.apache.commons.math.linear.CholeskyDecompositionImpl,BRANCH,0.36923076923076925,65,24
org.apache.commons.math.optimization.linear.SimplexTableau,BRANCH,0.9818181818181818,110,108
org.apache.commons.math.optimization.linear.SimplexTableau,BRANCH,0.9814814814814815,108,106
org.apache.commons.math.stat.Frequency,BRANCH,1.0,55,55
org.apache.commons.math.stat.Frequency,BRANCH,1.0,54,54
org.apache.commons.math.fraction.Fraction,BRANCH,0.9902912621359223,103,101
org.apache.commons.math.util.MathUtils,BRANCH,0.9236363636363636,275,254
org.apache.commons.math.util.MathUtils,BRANCH,0.9836065573770492,244,240
org.apache.commons.math.util.MathUtils,BRANCH,0.9915966386554622,238,236
org.apache.commons.math.distribution.FDistributionImpl,BRANCH,1.0,17,17
org.apache.commons.math.complex.Complex,BRANCH,0.9722222222222222,108,102
org.apache.commons.math.analysis.BrentSolver,BRANCH,1.0,55,55
org.apache.commons.math.linear.BigMatrixImpl,BRANCH,0.8571428571428571,315,270
org.apache.commons.math.linear.RealMatrixImpl,BRANCH,0.8582089552238806,268,230
org.apache.commons.math.util.MathUtils,BRANCH,0.9324324324324325,296,276
org.apache.commons.math.estimation.AbstractEstimator,BRANCH,0.9285714285714286,28,26
org.apache.commons.math.complex.ComplexFormat,BRANCH,0.974025974025974,77,74
org.apache.commons.math.stat.inference.ChiSquareTestImpl,BRANCH,0.9797979797979798,99,97
org.apache.commons.math.distribution.NormalDistributionImpl,BRANCH,0.8260869565217391,23,19
org.apache.commons.math.special.Gamma,BRANCH,1.0,45,45
org.apache.commons.math.stat.regression.SimpleRegression,BRANCH,1.0,33,33
org.apache.commons.math.fraction.ProperFractionFormat,BRANCH,0.8076923076923077,26,21
org.apache.commons.compress.utils.ArchiveUtils,BRANCH,0.9019607843137255,51,46
org.apache.commons.compress.utils.BitInputStream,BRANCH,0.92,25,23
org.apache.commons.compress.archivers.zip.ZipArchiveInputStream,BRANCH,0.1524163568773234,269,41
org.apache.commons.compress.archivers.zip.UnixStat,BRANCH,1.0,0,0
org.apache.commons.compress.archivers.zip.ZipArchiveEntry,BRANCH,0.9695121951219512,164,159
org.apache.commons.compress.archivers.zip.ZipArchiveOutputStream,BRANCH,0.578125,320,185
org.apache.commons.compress.utils.ChecksumCalculatingInputStream,BRANCH,1.0,12,12
org.apache.commons.compress.archivers.tar.TarUtils,BRANCH,0.8189655172413793,116,93
org.apache.commons.compress.archivers.zip.X5455_ExtendedTimestamp,BRANCH,0.9914529914529915,117,116
org.apache.commons.compress.archivers.zip.ZipArchiveInputStream,BRANCH,0.11221122112211221,303,34
org.apache.commons.cli.TypeHandler,BRANCH,0.7586206896551724,29,22
org.apache.commons.math3.optim.BaseOptimizer,BRANCH,0.8823529411764706,17,15
org.apache.commons.math3.distribution.HypergeometricDistribution,BRANCH,1.0,38,38
org.apache.commons.math3.geometry.euclidean.threed.SubLine,BRANCH,1.0,18,18
org.apache.commons.math3.geometry.euclidean.twod.SubLine,BRANCH,1.0,39,39
org.apache.commons.math3.util.MathArrays,BRANCH,0.9922178988326849,257,255
org.apache.commons.math3.optim.BaseOptimizer,BRANCH,0.8823529411764706,17,15
org.apache.commons.math3.optim.nonlinear.scalar.gradient.NonLinearConjugateGradientOptimizer,BRANCH,0.2631578947368421,57,15
org.apache.commons.math3.optim.nonlinear.scalar.noderiv.CMAESOptimizer,BRANCH,0.0859375,256,22
org.apache.commons.math3.optim.nonlinear.scalar.noderiv.PowellOptimizer,BRANCH,0.29545454545454547,44,13
org.apache.commons.beanutils.locale.converters.FloatLocaleConverter,BRANCH,0.8333333333333334,18,15
org.apache.commons.beanutils.locale.converters.DateLocaleConverter,BRANCH,0.9574468085106383,47,45
org.apache.commons.beanutils.JDBCDynaClass,BRANCH,0.8620689655172413,29,25
org.apache.commons.beanutils.ResultSetDynaClass,BRANCH,1.0,7,7
org.apache.commons.beanutils.ResultSetIterator,BRANCH,0.9130434782608695,23,21
org.apache.commons.beanutils.RowSetDynaClass,BRANCH,0.8235294117647058,17,14
org.apache.commons.beanutils.JDBCDynaClass,BRANCH,0.8409090909090909,44,37
org.apache.commons.beanutils.RowSetDynaClass,BRANCH,0.9333333333333333,15,14
org.apache.commons.beanutils.PropertyUtilsBean,BRANCH,0.7662037037037037,432,314
org.apache.commons.beanutils.converters.ArrayConverter,BRANCH,0.8985507246376812,69,56
org.apache.commons.beanutils.BeanUtilsBean,BRANCH,0.615,200,121
org.apache.commons.beanutils.BeanUtilsBean,BRANCH,0.54,200,107
org.apache.commons.beanutils.MethodUtils,BRANCH,0.7427184466019418,206,152
org.apache.commons.beanutils.PropertyUtilsBean,BRANCH,0.6575342465753424,438,287
org.apache.commons.beanutils.PropertyUtilsBean,BRANCH,0.7184684684684685,444,307
org.apache.commons.beanutils.PropertyUtilsBean,BRANCH,0.757847533632287,446,335
org.apache.commons.beanutils.LazyDynaList,BRANCH,0.981651376146789,109,107
org.apache.commons.beanutils.BeanUtilsBean,BRANCH,0.6111111111111112,198,119
org.apache.commons.beanutils.locale.converters.FloatLocaleConverter,BRANCH,0.9,20,18
org.apache.commons.beanutils.BeanUtilsBean,BRANCH,0.594059405940594,202,119
org.apache.commons.beanutils.BeanUtilsBean,BRANCH,0.5980392156862745,204,120
org.apache.commons.beanutils.MethodUtils,BRANCH,0.7688679245283019,212,163
org.apache.commons.beanutils.MethodUtils,BRANCH,0.7522935779816514,218,163
org.apache.commons.beanutils.ConstructorUtils,BRANCH,0.8409090909090909,44,37
org.apache.commons.beanutils.MethodUtils,BRANCH,0.7681818181818182,220,168
org.apache.commons.beanutils.BeanUtilsBean,BRANCH,0.6019417475728155,206,83
org.apache.commons.beanutils.BeanUtilsBean,BRANCH,0.6037735849056604,212,127
org.apache.commons.beanutils.PropertyUtilsBean,BRANCH,0.7116704805491991,437,302
org.apache.commons.beanutils.locale.BaseLocaleConverter,BRANCH,0.9285714285714286,28,26
org.apache.commons.beanutils.BeanUtilsBean,BRANCH,0.5879629629629629,216,126
org.apache.commons.beanutils.FluentPropertyBeanIntrospector,BRANCH,0.9333333333333333,15,14
org.apache.commons.beanutils.BeanUtilsBean,BRANCH,0.5909090909090909,220,124
org.apache.commons.dbcp2.datasources.InstanceKeyObjectFactory,BRANCH,0.3974358974358974,78,15
org.apache.commons.dbcp2.DelegatingDatabaseMetaData,BRANCH,0.96,200,189
org.apache.commons.dbcp2.DelegatingResultSet,BRANCH,0.00881057268722467,227,2
org.apache.commons.dbcp2.DelegatingStatement,BRANCH,0.8172043010752689,93,75
org.apache.commons.dbcp2.managed.ManagedConnection,BRANCH,0.3076923076923077,52,16
org.apache.commons.dbcp2.managed.TransactionContext,BRANCH,0.6896551724137931,29,20
org.apache.commons.dbcp2.BasicDataSource,BRANCH,0.9080882352941176,272,247
org.apache.commons.dbcp2.DelegatingConnection,BRANCH,0.7404580152671756,131,60
org.apache.commons.dbcp2.BasicDataSource,BRANCH,0.8846153846153846,260,230
org.apache.commons.dbcp2.BasicDataSourceFactory,BRANCH,0.543046357615894,151,82
org.apache.commons.dbcp2.datasources.CPDSConnectionFactory,BRANCH,0.43902439024390244,41,18
org.apache.commons.dbcp2.datasources.KeyedCPDSConnectionFactory,BRANCH,0.3783783783783784,37,14
org.apache.commons.dbcp2.DelegatingConnection,BRANCH,0.7906976744186046,129,100
org.apache.commons.dbcp2.BasicDataSource,BRANCH,0.823076923076923,260,214
org.apache.commons.dbcp2.managed.BasicManagedDataSource,BRANCH,0.6470588235294118,17,11
org.apache.commons.dbcp2.BasicDataSource,BRANCH,0.7769230769230769,260,202
org.apache.commons.dbcp2.PoolableConnectionFactory,BRANCH,0.43617021276595747,94,41
org.apache.commons.dbcp2.managed.PoolableManagedConnectionFactory,BRANCH,0.2857142857142857,7,2
org.apache.commons.dbcp2.managed.ManagedConnection,BRANCH,0.4782608695652174,46,23
org.apache.commons.dbcp2.managed.TransactionContext,BRANCH,0.6363636363636364,22,14
org.apache.commons.dbcp2.managed.ManagedConnection,BRANCH,0.41304347826086957,46,19
org.apache.commons.dbcp2.PoolingDataSource,BRANCH,0.6,30,18
org.apache.commons.dbcp2.PoolablePreparedStatement,BRANCH,0.0,16,0
org.apache.commons.fileupload.FileUploadBase,BRANCH,0.34306569343065696,137,47
org.apache.commons.fileupload.FileUploadException,BRANCH,1.0,8,8
org.apache.commons.fileupload.MultipartStream,BRANCH,0.5045045045045045,111,55
